1|Hello, xin chào
2|Các loại và mẫu điện thoại nổi bật đang được ưa chuộng hiện nay?
3|Các mẫu điện thoại phân khúc cao cấp nổi bật hiện nay?
4|Các mẫu điện thoại phân khúc tầm trung nổi bật hiện nay?
5|Các mẫu điện thoại phân khúc giá rẻ nổi bật hiện nay?
6|Các mẫu điện thoại iPhone của hãng Apple nổi bật hiện nay?
7|Các mẫu điện thoại của hãng Samsung nổi bật hiện nay?
8|Các mẫu điện thoại của hãng Xiaomi nổi bật hiện nay?
9|Các mẫu điện thoại của hãng Google nổi bật hiện nay?
10|Các loại máy tính bảng được người dùng ưa chuộng hiện nay?
11|Các mãu máy tính bảng phân khúc cao cấp nổi bật hiện nay?
12|Các mẫu máy tính bảng phân khúc tầm trung nổi bật hiện nay?
13|Các mẫu máy tính bảng phân khúc giá rẻ nổi bật hiện nay?
14|Các mẫu máy tính bảng iPad của hãng Apple nổi bật hiện nay?
15|Các mẫu máy tính bảng của hãng Samsung nổi bật hiện nay?
16|Các mẫu máy tính bảng của hãng Xiaomi nổi bật hiện nay?
17|Các mẫu máy tính bảng của hãng Lenovo nổi bật hiện nay?
18|Các mẫu Macbook của hãng Apple nổi bật hiện nay?
19|Các mẫu laptop của hãng Lenovo nổi bật hiện nay?
20|Các mẫu laptop của hãng HP nổi bật hiện nay?
21|Các mẫu laptop của hãng Dell nổi bật hiện nay?
22|Thị trường điện thoại hiện nay có những phân khúc nào nổi bật?
23|Các phân khúc giá điện thoại iPhone của hãng Apple là gì?
24|Các phân khúc giá của điện thoại Samsung là gì?
25|Các phân khúc giá của điện thoại Xiaomi là gì?
26|Các phân khúc giá của điện thoại Google là gì?
27|Liệt kê và giá bán các sản phẩm điện thoại của hãng Apple đang được bán trên thị trường tại Việt Nam?
28|Phân khúc giá rẻ của điện thoại Apple là gì?
29|Phân khúc giá tầm trung của điện thoại Apple là gì?
30|Phân khúc giá cận cao cấp của điện thoại Apple là gì?
31|Phân khúc giá cao cấp của điện thoại Apple là gì?
32|Liệt kê và giá bán các sản phẩm điện thoại của hãng Samsung đang được bán trên thị trường tại Việt Nam?
33|Phân khúc giá rẻ của điện thoại Samsung là gì?
34|Phân khúc giá tầm trung của điện thoại Samsung là gì?
35|Phân khúc giá cận cao cấp của điện thoại Samsung là gì?
36|Phân khúc giá cao cấp của điện thoại Samsung là gì?
37|Liệt kê và giá bán của các sản phẩm điện thoại hãng Xiaomi đang được bán trên thị trường tại Việt Nam?
38|Phân khúc giá rẻ của điện thoại Xiaomi là gì?
39|Phân khúc giá tầm trung của điện thoại Xiaomi là gì?
40|Phân khúc giá cận cao cấp của điện thoại Xiaomi là gì?
41|Phân khúc giá cao cấp của điện thoại Xiaomi là gì?
42|Liệt kê và giá bán của các sản phẩm điện thoại hãng Google đang được bán trên thị trường tại Việt Nam?
43|Phân khúc giá rẻ của điện thoại Google là gì?
44|Phân khúc giá tầm trung của điện thoại Google là gì?
45|Phân khúc giá cận cao cấp của điện thoại Google là gì?
46|Phân khúc giá cao cấp của điện thoại Google là gì?
47|Thị trường máy tính bảng hiện nay có những phân khúc nào nổi bật?
48|Các phân khúc giá của máy tính bảng Apple là gì?
49|Các phân khúc giá của máy tính bảng Samsung là gì?
50|Các phân khúc giá của máy tính bảng Xiaomi là gì?
51|Các phân khúc giá của máy tính bảng Lenovo là gì?
52|Liệt kê các sản phẩm máy tính bảng và giá của hãng Apple đang được bán trên thị trường tại Việt Nam?
53|Phân khúc giá rẻ phổ thông của máy tính bảng Apple là gì?
54|Phân khúc giá tầm trung của máy tính bảng Apple là gì?
55|Phân khúc giá cao cấp của máy tính bảng Apple là gì?
56|Liệt kê các sản phẩm máy tính bảng và giá của hãng Samsung đang được bán trên thị trường tại Việt Nam?
57|Phân khúc giá rẻ phổ thông của máy tính bảng Samsung là gì?
58|Phân khúc giá tầm trung của máy tính bảng Samsung là gì?
59|Phân khúc giá cao cấp của máy tính bảng Samsung là gì?
60|Liệt kê và giá của các sản phẩm máy tính bảng hãng Xiaomi đang được bán trên thị trường tại Việt Nam?
61|Phân khúc giá rẻ phổ thông của máy tính bảng Xiaomi là gì?
62|Phân khúc giá tầm trung của máy tính bảng Xiaomi là gì?
63|Phân khúc giá cao cấp của máy tính bảng Xiaomi là gì?
64|Liệt kê và giá của các sản phẩm máy tính bảng hãng Lenovo đang được bán trên thị trường tại Việt Nam?
65|Phân khúc giá rẻ phổ thông của máy tính bảng Lenovo là gì?
66|Phân khúc giá tầm trung của máy tính bảng Lenovo là gì?
67|Phân khúc giá cao cấp của máy tính bảng Lenovo là gì?
68|Thông số kỹ thuật của chiếc điện thoại iPhone SE là gì?
69|Thông số kỹ thuật của chiếc điện thoại iPhone 13 là gì?
70|Thông số kỹ thuật của chiếc điện thoại iPhone 14 Plus là gì?
71|Thông số kỹ thuật của chiếc điện thoại iPhone 15 là gì?
72|Thông số kỹ thuật của chiếc điện thoại iPhone 15 plus là gì?
73|Thông số kỹ thuật của chiếc điện thoại iPhone 15 pro là gì?
74|Thông số kỹ thuật của chiếc điện thoại iPhone 15 pro max là gì?
75|Thông số kỹ thuật của chiếc điện thoại Samsung Galaxy M15 5G là gì?
76|Thông số kỹ thuật của chiếc điện thoại Samsung Galaxy A35 5G là gì?
77|Thông số kỹ thuật của chiếc điện thoại Samsung Galaxy S23 FE 256GB là gì?
78|Thông số kỹ thuật của chiếc điện thoại Samsung Galaxy S23 FE 128GB là gì?
79|Thông số kỹ thuật của chiếc điện thoại Samsung Galaxy Z Flip5 là gì?
80|Thông số kỹ thuật của chiếc điện thoại Samsung Galaxy S24 là gì?
81|Thông số kỹ thuật của chiếc điện thoại Samsung Galaxy S24+ là gì?
82|Thông số kỹ thuật của chiếc điện thoại Samsung Galaxy S24 Ultra là gì?
83|Thông số kỹ thuật của chiếc điện thoại Redmi Note 12 là gì?
84|Thông số kỹ thuật của chiếc điện thoại Xiaomi 13 là gì?
85|Thông số kỹ thuật của chiếc điện thoại Xiaomi 14 là gì?
86|Thông số kỹ thuật của chiếc điện thoại Xiaomi 14 pro là gì?
87|Thông số kỹ thuật của chiếc điện thoại Xiaomi 14 ultra là gì?
88|Thông số kỹ thuật của chiếc điện thoại Pixel 6a là gì?
89|Thông số kỹ thuật của chiếc điện thoại Pixel 7a là gì?
90|Thông số kỹ thuật của chiếc điện thoại Pixel 7 là gì?
91|Thông số kỹ thuật của chiếc điện thoại Pixel 7 Pro là gì?
92|Thông số kỹ thuật của chiếc máy tính bảng iPad (thế hệ thứ 10) là gì?
93|Thông số kỹ thuật của chiếc máy tính bảng iPad Air thế hệ thứ 5 là gì?
94|Thông số kỹ thuật của chiếc máy tính bảng iPad Pro thế hệ thứ 5 là gì?
95|Thông số kỹ thuật của chiếc máy tính bảng Galaxy Tab s9 là gì?
96|Thông số kỹ thuật của chiếc máy tính bảng Galaxy Tab s9+ là gì?
97|Thông số kỹ thuật của chiếc máy tính bảng Galaxy Tab s9 Ultra là gì?
98|Thông số kỹ thuật của chiếc máy tính bảng Galaxy Tab S6 Lite là gì?
99|Thông số kỹ thuật của chiếc máy tính bảng Xiaomi Pad 6 SE là gì?
100|Thông số kỹ thuật của chiếc máy tính bảng Xiaomi Pad 6 là gì?
101|Thông số kỹ thuật của chiếc máy tính bảng Xiaomi Pad 6 Pro là gì?
102|Thông số kỹ thuật của chiếc máy tính bảng Xiaomi Pad 6 Max là gì?
103|Thông số kỹ thuật của chiếc máy tính bảng Xiaomi Pad 6S Pro là gì?
104|Thông số kỹ thuật của chiếc máy tính bảng Lenovo Tab M9 là gì?
105|Thông số kỹ thuật của chiếc máy tính bảng Lenovo Tab M10 là gì?
106|Thông số kỹ thuật của chiếc máy tính bảng Lenovo Tab M11 là gì?